,Nombre_Institucion,Provincia,Canton,Parroquia,Numero_de_estudiantes,Numero_de_docentes
1,CORAZON DE JESUS,EL ORO,ARENILLAS,ARENILLAS,33,11
13,9 DE OCTUBRE,EL ORO,ARENILLAS,ARENILLAS,23,2
19,ARISTIDES CORDOVA VILLACIS,EL ORO,ARENILLAS,ARENILLAS,41,5
23,NAPOLEON PALADINES CARREÑO,EL ORO,ARENILLAS,ARENILLAS,45,5
24,MAYOR HECTOR ESPINOZA,EL ORO,ARENILLAS,ARENILLAS,47,5
26,ING. RAFAEL GUERRERO,EL ORO,ARENILLAS,ARENILLAS,12,2
29,5 DE JUNIO,EL ORO,ARENILLAS,PALMALES,14,2
32,SIMON BOLIVAR,EL ORO,ARENILLAS,CHACRAS,46,3
35,MAYOR  MANUEL ANTONIO ROSERO,EL ORO,ARENILLAS,PALMALES,46,3
36,ZOILA ESPERANZA CRESPO,EL ORO,ARENILLAS,CARCABON,29,4
37,JESUS MARIA YEPEZ,EL ORO,ARENILLAS,CARCABON,48,5
42,9 DE OCTUBRE,EL ORO,ARENILLAS,PALMALES,15,2
43,PALMALES,EL ORO,ARENILLAS,PALMALES,15,2
44,CABO LUIS MINACHO PADILLA,EL ORO,ARENILLAS,PALMALES,11,2
45,RIO ARENILLAS,EL ORO,ARENILLAS,PALMALES,21,3
48,24 DE MAYO,EL ORO,ARENILLAS,PALMALES,24,3
50,ELOY ALFARO,EL ORO,ARENILLAS,ARENILLAS,24,3
59,LAS AMERICAS,EL ORO,ARENILLAS,ARENILLAS,39,2
62,REPUBLICA DE ARGENTINA,EL ORO,ATAHUALPA,PACCHA,31,4
64,DAVID GUZMAN,EL ORO,ATAHUALPA,PACCHA,7,3
67,CELIA LUCIA PONTON MATAMOROS,EL ORO,ATAHUALPA,AYAPAMBA,24,3
68,DIEZ DE AGOSTO,EL ORO,ATAHUALPA,AYAPAMBA,41,5
69,AMAZONAS,EL ORO,ATAHUALPA,AYAPAMBA,11,2
70,MERCEDES  MOROCHO,EL ORO,ATAHUALPA,AYAPAMBA,16,3
73,BLANCA LIDIA ORDOÑEZ VASQUEZ,EL ORO,ATAHUALPA,CORDONCILLO,18,3
74,ATAHUALPA,EL ORO,ATAHUALPA,MILAGRO,13,2
75,EL ORO,EL ORO,ATAHUALPA,SAN JOSE,17,3
76,CARLOS REYES ANDRADE,EL ORO,ATAHUALPA,SAN JOSE,27,4
77,ODALIA  ARÁUZ,EL ORO,ATAHUALPA,SAN JUAN DE CERRO AZUL,20,3
79,SOR AMALIA URIGUEN ESPINOZA,EL ORO,ATAHUALPA,PACCHA,18,3
82,25 DE ABRIL,EL ORO,ATAHUALPA,AYAPAMBA,12,3
84,GRAL. VICENTE ANDA AGUIRRE,EL ORO,ATAHUALPA,MILAGRO,9,2
100,PROFESOR LEOVIGILDO LOAYZA LOAYZA,EL ORO,BALSAS,BELLAMARIA,27,3
112,LAURO DAVILA ECHEVERRIA,EL ORO,CHILLA,CHILLA,35,2
116,LEONARDO ARAUJO MENDOZA,EL ORO,CHILLA,CHILLA,20,2
118,JORGE ICAZA CORONEL,EL ORO,CHILLA,CHILLA,30,4
120,BELISARIO FAJARDO,EL ORO,CHILLA,CHILLA,29,5
121,JORGE CHILES CORREA,EL ORO,CHILLA,CHILLA,10,3
124,MEDARDO ANGEL SILVA,EL ORO,CHILLA,CHILLA,10,2
140,INSTITUTO  7 DE SEPTIEMBRE,EL ORO,EL GUABO,EL GUABO,43,12
144,VIRGEN MARIA AUXILIADORA,EL ORO,EL GUABO,EL GUABO,26,5
150,JOSE LUIS MOLESTINA,EL ORO,EL GUABO,EL GUABO,44,5
152,SAN ANTONIO DE PADUA,EL ORO,EL GUABO,EL GUABO,49,7
172,OVIDIO DECROLY,EL ORO,EL GUABO,BARBONES (SUCRE),18,4
176,ENRIQUE RUILOVA,EL ORO,EL GUABO,BARBONES (SUCRE),24,4
183,DR. ROMULO CEDILLO ZEA,EL ORO,EL GUABO,BARBONES (SUCRE),37,4
184,CORAZON DE MARIA,EL ORO,EL GUABO,EL GUABO,14,2
185,REPUBLICA DE ESPAÑA,EL ORO,EL GUABO,TENDALES,13,3
187,JOSE HOMERO SERRANO RAMIREZ,EL ORO,EL GUABO,RIO BONITO,40,4
189,POMPEYO FERNANDEZ MARQUEZ,EL ORO,EL GUABO,RIO BONITO,50,7
190,EL PARAISO,EL ORO,EL GUABO,RIO BONITO,32,3
191,14 DE JULIO,EL ORO,EL GUABO,RIO BONITO,31,3
194,TENIENTE GUSTAVO LEDESMA,EL ORO,EL GUABO,RIO BONITO,34,5
212,ALEJANDRO CAMPOVERDE ANDRADE,EL ORO,HUAQUILLAS,MILTON REYES,36,4
220,MARIA LEONOR MINUCHE ARMIJOS,EL ORO,HUAQUILLAS,ECUADOR,47,6
237,CIUDAD DE MACARA,EL ORO,HUAQUILLAS,MILTON REYES,37,7
255,NICOLAS VALDANO RAFFO,EL ORO,LAS LAJAS,LA VICTORIA,38,4
263,PROVINCIA DE TUNGURAHUA,EL ORO,LAS LAJAS,EL PARAISO,27,3
265,DOLORES CARREÑO DE MORA,EL ORO,LAS LAJAS,EL PARAISO,25,2
270,DR. JOSE MARIA VELAZCO IBARRA,EL ORO,LAS LAJAS,LA LIBERTAD,25,2
272,JORGE YEPEZ CARRANZA,EL ORO,LAS LAJAS,LA LIBERTAD,21,2
283,JESUS DEL GRAN PODER,EL ORO,MACHALA,NUEVE DE MAYO,43,9
284,AMERICA QUALITY SCHOOL,EL ORO,MACHALA,NUEVE DE MAYO,18,4
300,LOS PANCHITOS,EL ORO,MACHALA,NUEVE DE MAYO,35,2
315,VICKER,EL ORO,MACHALA,LA PROVIDENCIA,48,7
316,TEMPLO DELA SABIDURÍA,EL ORO,MACHALA,LA PROVIDENCIA,27,2
372,ROSA ORTEGA,EL ORO,MACHALA,MACHALA,39,8
380,EL MUNDO DE LOS NIÑOS,EL ORO,MACHALA,MACHALA,48,2
400,FUENTE DE VIDA,EL ORO,MACHALA,MACHALA,30,2
402,MIS PRIMERAS LETRAS,EL ORO,MACHALA,MACHALA,6,2
407,CENTRO DE FORMACION ARTESANAL PARTICULAR AMERICA,EL ORO,MACHALA,MACHALA,31,7
408,KICHWAKUNAPAK AMAUTA YACHAY,EL ORO,MACHALA,MACHALA,42,3
409,CELESTE MURILLO,EL ORO,MACHALA,MACHALA,2,7
413,MARIOLA JULIA,EL ORO,MACHALA,NUEVE DE MAYO,6,7
430,CONSERVATORIO NACIONAL DE MUSICA MACHALA,EL ORO,MACHALA,MACHALA,0,25
436,JOSE VICENTE PEÑAFIEL ESCALANTE,EL ORO,MACHALA,LA PROVIDENCIA,40,3
439,LAS ÁGUILAS DEL SABER,EL ORO,MACHALA,EL CAMBIO,25,5
442,OLINDA GALVEZ DE ARMIJOS,EL ORO,MACHALA,EL RETIRO,43,3
443,MIGUEL ANGEL PINEDA COBOS,EL ORO,MACHALA,EL RETIRO,37,3
450,SONRISITAS,EL ORO,MACHALA,EL CAMBIO,9,2
455,25 DE JUNIO,EL ORO,MACHALA,EL CAMBIO,49,4
474,MONSEÑOR LEONIDAS PROAÑO VILLALVA,EL ORO,MACHALA,PUERTO BOLIVAR,33,6
503,MOSARC,EL ORO,MACHALA,NUEVE DE MAYO,7,3
506,CARLOS MORAN ZAMBRANO,EL ORO,MARCABELI,MARCABELI,26,4
508,SIMON BOLIVAR,EL ORO,MARCABELI,MARCABELI,34,2
515,DR JORGE ZAVALA BAQUERIZO,EL ORO,MARCABELI,EL INGENIO,5,2
516,30 DE SEPTIEMBRE,EL ORO,MARCABELI,MARCABELI,26,3
517,FRANCISCO CARRION ROMERO,EL ORO,MARCABELI,EL INGENIO,19,3
519,ING ANDRES CORSINO GARCIA,EL ORO,PASAJE,PROGRESO,31,3
525,OLIVA CARDENAS BATALLAS DE SÁNCHEZ,EL ORO,PASAJE,PROGRESO,41,7
527,NICOLAS SALDAÑA CARPIO,EL ORO,PASAJE,PROGRESO,23,3
529,DR ALFREDO VERA,EL ORO,PASAJE,PROGRESO,49,6
530,PROVINCIA DE EL ORO,EL ORO,PASAJE,PROGRESO,18,2
534,BOLIVAR MADERO VARGAS,EL ORO,PASAJE,CAÑAQUEMADA,14,2
535,DELFIN AMAYA ENCALADA,EL ORO,PASAJE,CAÑAQUEMADA,19,2
542,TEMISTOCLES ROMERO LUCIN,EL ORO,PASAJE,CAÑAQUEMADA,46,8
544,FELIPE ISIDORO BARRIGA LARREA,EL ORO,PASAJE,BUENAVISTA,17,2
580,TERESA URDIALES DE PAVON,EL ORO,PASAJE,TRES CERRITOS,39,2
591,GABRIELA MISTRAL,EL ORO,PASAJE,LOMA DE FRANCO,10,2
597,FRANCISCO OCHOA ORTIZ,EL ORO,PASAJE,OCHOA LEON (MATRIZ),16,4
622,GENERAL LUIS LARREA  ALBA,EL ORO,PASAJE,CASACAY,26,3
623,DAVID MONROY,EL ORO,PASAJE,CASACAY,15,2
624,LEOPOLDO MUÑOZ RODRIGUEZ,EL ORO,PASAJE,CASACAY,44,5
631,CIRO VICENTE VERA,EL ORO,PASAJE,PROGRESO,30,4
632,MIGUEL ALFONSO CARMONA BENENAULA,EL ORO,PASAJE,PROGRESO,44,4
638,REPUBLICA DE NICARAGUA,EL ORO,PIÑAS,MOROMORO,17,3
641,PEDRO FERMIN CEVALLOS,EL ORO,PIÑAS,MOROMORO,36,5
648,LUIS CORDERO CRESPO,EL ORO,PIÑAS,PIÑAS GRANDE,47,4
669,GENERAL CALICUCHIMA,EL ORO,PIÑAS,LA MATRIZ,33,2
670,13 DE ABRIL,EL ORO,PIÑAS,SAN ROQUE (AMBROSIO MALDONADO),21,2
672,DR GUILLERMO GUZMAN AYORA,EL ORO,PIÑAS,SAN ROQUE (AMBROSIO MALDONADO),26,4
678,OCHO  DE NOVIEMBRE,EL ORO,PIÑAS,PIEDRAS,32,2
680,VICTOR MANUEL LOAYZA,EL ORO,PIÑAS,LA BOCANA,14,2
684,GENERAL ELOY ALFARO,EL ORO,PIÑAS,LA BOCANA,41,3
685,JOSE UGARTE MOLINA,EL ORO,PIÑAS,LA BOCANA,15,2
687,REPUBLICA DE COLOMBIA,EL ORO,PIÑAS,PIEDRAS,44,4
688,SIMON BOLIVAR,EL ORO,PIÑAS,SARACAY,17,2
692,MIGUEL CABRERA DELGADO,EL ORO,PIÑAS,SARACAY,33,2
693,AERO TECNICO DE LA  FAE,EL ORO,PIÑAS,SARACAY,23,2
699,ANGEL SALVADOR OCHOA,EL ORO,PIÑAS,CAPIRO,40,4
701,JUAN MONTALVO,EL ORO,PIÑAS,CAPIRO,31,2
704,CIUDAD  DE CUENCA NUMERO 121,EL ORO,PIÑAS,CAPIRO,31,3
710,MARGARITA COMAS,EL ORO,PORTOVELO,PORTOVELO,25,4
713,CENTRO DE FORMACION ARTESANAL FEDERICO FROEBEL,EL ORO,PORTOVELO,PORTOVELO,25,7
719,SANTIAGO ZAMORA,EL ORO,PORTOVELO,CURTINCAPA,45,5
720,CIUDAD DE ZARUMA  N  2,EL ORO,PORTOVELO,CURTINCAPA,13,2
724,27 DE ABRIL,EL ORO,PORTOVELO,SALATI,32,3
733,MANUELITA SAENZ,EL ORO,SANTA ROSA,LA AVANZADA,20,2
734,ROSARIO CELINA GARCIA PINEDA,EL ORO,SANTA ROSA,LA AVANZADA,12,2
737,PROF JESUS MARIA FLORES DE PIEDRA,EL ORO,SANTA ROSA,BELLAVISTA,30,3
740,NUMA POMPILIO LLONA,EL ORO,SANTA ROSA,BELLAVISTA,20,4
742,JOSE  JOAQUIN TOLEDO CHICA,EL ORO,SANTA ROSA,BELLAVISTA,41,5
747,VEINTE Y SIETE DE FEBRERO,EL ORO,SANTA ROSA,TORATA,15,3
749,3 DE NOVIEMBRE,EL ORO,SANTA ROSA,TORATA,30,2
750,EMILIANO VALVERDE,EL ORO,SANTA ROSA,TORATA,30,3
753,PROVINCIA DE EL ORO,EL ORO,SANTA ROSA,BELLAMARIA,29,3
756,TERESA ARCAYA GERMAN,EL ORO,SANTA ROSA,BELLAMARIA,29,4
758,SIMON BOLIVAR,EL ORO,SANTA ROSA,BELLAMARIA,21,2
777,POR UN MUNDO MEJOR,EL ORO,SANTA ROSA,SANTA ROSA,7,3
778,MUNDO DE LA FANTASIA,EL ORO,SANTA ROSA,SANTA ROSA,43,8
780,REPUBLICA DEL ECUADOR  ESPRE,EL ORO,SANTA ROSA,SANTA ROSA,43,6
781,DAVID DE JESUS TORRES APOLO,EL ORO,SANTA ROSA,SANTA ROSA,41,4
794,ROSA ARCAYA GERMAN,EL ORO,SANTA ROSA,SANTA ROSA,30,3
795,PADRE EMILIO CATALAN BONO,EL ORO,SANTA ROSA,SANTA ROSA,35,5
799,JOSE MARIA VELASCO IBARRA,EL ORO,SANTA ROSA,SANTA ROSA,24,2
815,CARLOS TAPIA ORDOÑEZ,EL ORO,SANTA ROSA,SANTA ROSA,17,3
831,RIO AMAZONAS,EL ORO,SANTA ROSA,JAMBELI,12,2
832,DR JAIME PALACIOS PERALTA,EL ORO,SANTA ROSA,JAMBELI,41,2
845,PROVINCIA DEL AZUAY,EL ORO,ZARUMA,ABAÑIN,30,2
846,10 DE AGOSTO,EL ORO,ZARUMA,GUANAZAN,17,2
847,JUAN LEON MERA,EL ORO,ZARUMA,GUANAZAN,10,2
850,GENERAL ANTONIO JOSE DE SUCRE,EL ORO,ZARUMA,GUANAZAN,42,2
852,DR JOSE ROSAS ZAMBRANO,EL ORO,ZARUMA,GUANAZAN,37,2
854,FERNANDO DAQUILEMA,EL ORO,ZARUMA,GUANAZAN,39,3
856,LUIS ALFONSO CRESPO CHIRIBOGA,EL ORO,ZARUMA,ABAÑIN,18,2
857,26 DE NOVIEMBRE,EL ORO,ZARUMA,ABAÑIN,21,2
858,GENERAL ELOY ALFARO,EL ORO,ZARUMA,GUANAZAN,27,3
871,JUAN JOSÉ FLORES,EL ORO,ZARUMA,SINSAO,18,5
873,PEDRO CARBO,EL ORO,ZARUMA,SINSAO,16,5
875,JOSE LAUTARO BERREZUETA JARA,EL ORO,ZARUMA,SALVIAS,17,4
881,DR ALFREDO PEREZ GUERRERO,EL ORO,ZARUMA,GUIZHAGUIÑA,27,2
883,AMBROSIO MALDONADO,EL ORO,ZARUMA,GUIZHAGUIÑA,38,6
890,DR REINALDO ESPINOZA,EL ORO,ZARUMA,HUERTAS,20,4
891,MANUEL ROMERO SANCHEZ,EL ORO,ZARUMA,HUERTAS,21,3
914,CENTRO ARTESANAL GABRIELA MISTRAL,EL ORO,ZARUMA,ZARUMA,43,6
922,PROFESOR HAMILTON TANDAZO,LOJA,CALVAS,UTUANA,5,2
923,SERVIO MONTERO,LOJA,CALVAS,UTUANA,10,2
925,BENJAMIN CEVALLOS,LOJA,CALVAS,UTUANA,16,3
926,LA  LIBERTAD,LOJA,CALVAS,UTUANA,38,4
927,GUTTEMBERG,LOJA,CALVAS,UTUANA,24,4
928,SANTA MARIANITA,LOJA,CALVAS,UTUANA,18,3
930,ROBERTH  OWEN,LOJA,CALVAS,COLAISACA,41,5
932,DR  JOSE PERALTA,LOJA,CALVAS,COLAISACA,9,2
937,ROSA LOAIZA VALAREZO,LOJA,CALVAS,COLAISACA,16,2
938,11 DE NOVIEMBRE,LOJA,CALVAS,COLAISACA,27,3
942,SERVILLO LUDEÑA GAHONA,LOJA,CALVAS,COLAISACA,27,2
946,ESCUELA HIPOLITO AMADOR LOAIZA DAVILA,LOJA,CALVAS,COLAISACA,13,3
947,HITLER ROBERTO CORONEL JARAMILLO,LOJA,CALVAS,COLAISACA,28,3
948,LOURDES,LOJA,CALVAS,COLAISACA,8,2
949,TECNICO EDMUNDO CEVALLOS AGUIRRE,LOJA,CALVAS,COLAISACA,36,12
951,DR. ISIDRO AYORA,LOJA,CALVAS,COLAISACA,32,9
954,CLOTARIO CUEVA PAZ,LOJA,CALVAS,SAN VICENTE,4,2
955,GERARDO GUEVARA BARBA,LOJA,CALVAS,SAN VICENTE,12,3
956,ANTONIO CASTILLO HERMANO MIGUEL,LOJA,CALVAS,SAN VICENTE,16,3
958,SAN JUAN DE LA CRUZ,LOJA,CALVAS,CARIAMANGA,24,2
962,SANTIAGO APOSTOL,LOJA,CALVAS,CARIAMANGA,28,5
963,LUIS FELIPE CARBO,LOJA,CALVAS,CARIAMANGA,22,3
964,REMIGIO CRESPO TORAL,LOJA,CALVAS,CARIAMANGA,10,3
968,AMADA JUMBO SANTA TERESA,LOJA,CALVAS,SAN VICENTE,22,3
969,HERNANDO  DE MAGALLANES,LOJA,CALVAS,CARIAMANGA,19,3
973,SAN ANTONIO,LOJA,CALVAS,CHILE,18,2
974,RUBEN DARIO,LOJA,CALVAS,CHILE,30,4
975,NOCTURNA 14 DE OCTUBRE,LOJA,CALVAS,CARIAMANGA,19,4
976,IMBABURA,LOJA,CALVAS,SAN VICENTE,14,2
977,ESPECIAL  HELEN KELLER,LOJA,CALVAS,CARIAMANGA,32,6
978,PAULO VI,LOJA,CALVAS,CARIAMANGA,12,3
980,27 DE OCTUBRE,LOJA,CALVAS,CHILE,30,5
981,GASPAR DE VILLARROEL,LOJA,CALVAS,CHILE,20,3
982,GRAN COLOMBIA,LOJA,CALVAS,CHILE,21,2
983,DR LORENZO IMAICELA,LOJA,CALVAS,CHILE,12,3
984,CRISTOBAL COLON,LOJA,CALVAS,CHILE,23,4
986,SAN JUAN EVANGELISTA,LOJA,CALVAS,CHILE,34,4
987,SAN VICENTE FERRER,LOJA,CALVAS,CHILE,13,3
991,LANTADILLA,LOJA,CALVAS,CHILE,13,2
993,NARCIZA DE JESUS,LOJA,CALVAS,CHILE,14,2
995,LUZ RODRIGUEZ DE CORONEL,LOJA,CALVAS,CHILE,28,3
998,MARIANO SAMANIEGO,LOJA,CALVAS,CHILE,15,3
1001,SRA. MERCEDES ONTANEDA SOLANO,LOJA,CALVAS,CHILE,5,2
1003,SANTA MARIANA DE JESUS,LOJA,CALVAS,SANGUILLIN,19,4
1004,REINA DEL CISNE,LOJA,CALVAS,SANGUILLIN,38,4
1005,LA CRUZ DE SANGUILLIN,LOJA,CALVAS,SANGUILLIN,7,2
1006,LIC. SALOMON SARANGO,LOJA,CALVAS,SANGUILLIN,42,3
1007,JORGE ICAZA,LOJA,CALVAS,SANGUILLIN,12,3
1008,NUMA POMPILIO LLONA CRISTO REY,LOJA,CALVAS,SANGUILLIN,16,4
1015,PADRE ESTEBAN NARGANES GARCIA,LOJA,CALVAS,EL LUCERO,13,3
1016,GARCIA MORENO,LOJA,CALVAS,EL LUCERO,20,2
1018,JUAN JOSE HERRERA OJEDA,LOJA,CALVAS,EL LUCERO,32,4
1020,REINO DE LOS SHYRIS,LOJA,CALVAS,EL LUCERO,15,3
1021,JOSE HERIBERTO JIMENEZ,LOJA,CALVAS,EL LUCERO,10,2
1022,GERONIMO CARRION,LOJA,CALVAS,EL LUCERO,36,6
1024,LUIS VARGAS TORRES,LOJA,CALVAS,SAN VICENTE,32,4
1025,HUGO COLON RODRIGUEZ,LOJA,CALVAS,SAN VICENTE,23,3
1026,SEGUNDO CORREA,LOJA,CALVAS,SAN VICENTE,22,3
1027,ESCUELA PENINSULA IBERICA,LOJA,CALVAS,SAN VICENTE,31,4
1028,CIUDAD DE MADRID,LOJA,CALVAS,SAN VICENTE,15,2
1031,JOSE MARIA RIOFRIO,LOJA,CATAMAYO,EL TAMBO,29,2
1033,ANDRES TINOCO DE MERCADO,LOJA,CATAMAYO,EL TAMBO,29,3
1034,DANIEL GONZALEZ IRENE,LOJA,CATAMAYO,EL TAMBO,21,2
1035,SANTA ELENA,LOJA,CATAMAYO,EL TAMBO,9,2
1038,BALBINA CASTRO,LOJA,CATAMAYO,EL TAMBO,30,4
1041,ESCUELA FISCAL MIXTA SANCHEZ DE ORELLANA,LOJA,CATAMAYO,EL TAMBO,29,2
1042,MIGUEL ANGEL CARRION CUEVA,LOJA,CATAMAYO,EL TAMBO,43,3
1044,DR. GONZALO ARIAS CASTILLO,LOJA,CATAMAYO,EL TAMBO,34,2
1045,ESCUELA VICTORIANO JARAMILLO VIVANCO,LOJA,CATAMAYO,EL TAMBO,37,3
1047,MEDARDO FILOMENO CUEVA,LOJA,CATAMAYO,EL TAMBO,26,2
1053,CENTRO PSICOPEDAGÓGICO CATAMAYO,LOJA,CATAMAYO,CATAMAYO,22,2
1054,FINE TUNED CATAMAYO,LOJA,CATAMAYO,CATAMAYO,0,3
1056,SEMILLITAS DEL SABER,LOJA,CATAMAYO,CATAMAYO,27,4
1057,MARIA INES QUINDE BURNEO,LOJA,CATAMAYO,CATAMAYO,9,2
1075,MOISES ALBERTO HIDALGO JARRIN,LOJA,CATAMAYO,CATAMAYO,34,4
1081,ULPIANO MOSCOSO,LOJA,CATAMAYO,CATAMAYO,31,3
1086,UNIDAD EDUCATIVA A DISTANCIA DE LOJA EXTENSION EL PRADO,LOJA,CATAMAYO,GUAYQUICHUMA,36,4
1087,NELSON ROMERO,LOJA,CATAMAYO,GUAYQUICHUMA,17,2
1097,ENRIQUE VACAS GALINDO,LOJA,CATAMAYO,ZAMBI,36,6
1103,TERESA CEPEDA Y FUENTES,LOJA,CELICA,SABANILLA,19,2
1105,GENOVEVA BUSTAMANTE DE APOLO,LOJA,CELICA,SABANILLA,24,2
1106,ROSA AURORA SANCHEZ GRANDA,LOJA,CELICA,SABANILLA,14,2
1107,BRACAMOROS,LOJA,CELICA,SABANILLA,20,2
1112,VIRGEN DEL ROSARIO,LOJA,CELICA,SABANILLA,25,2
1115,SABANILLA,LOJA,CELICA,SABANILLA,28,5
1121,GUILLERMO GRANDA,LOJA,CELICA,CRUZPAMBA,32,3
1128,CARLOS RAUL BUSTAMANTE,LOJA,CELICA,LOAIZA,37,2
1129,ESCUELA  FISCAL MIXTA ARCENIO CASTILLO,LOJA,CELICA,CRUZPAMBA,20,2
1130,ESCUELA CARLOS BUSTAMANTE,LOJA,CELICA,CRUZPAMBA,37,3
1138,DIEGO DE NOBOA,LOJA,CELICA,POZUL (SAN JUAN DE POZUL),30,4
1142,JOSE JAVIER EGUIGUREN,LOJA,CELICA,POZUL (SAN JUAN DE POZUL),33,3
1143,JOSE MIGUEL UNDA,LOJA,CELICA,POZUL (SAN JUAN DE POZUL),29,3
1144,DR  JOSE ANTONIO BAQUERO DE LA CALLE,LOJA,CELICA,POZUL (SAN JUAN DE POZUL),47,6
1145,MIGUEL ANGEL MONTALVO,LOJA,CELICA,POZUL (SAN JUAN DE POZUL),26,3
1150,MADRE TERESA DE CALCUTA,LOJA,CELICA,POZUL (SAN JUAN DE POZUL),37,2
1151,ESCUELA FISCAL MIXTA PEDRO PACHECO,LOJA,CELICA,POZUL (SAN JUAN DE POZUL),48,4
1161,COMUNA DOMINGUILLO,LOJA,CELICA,CELICA,47,7
1162,PEDRO JOSE TRAJANO BUSTAMANTE,LOJA,CELICA,CELICA,42,2
1164,RICARDO FERNANDEZ (C.A.),LOJA,CELICA,CELICA,44,7
1166,ESCUELA VILCABAMBA,LOJA,CELICA,CELICA,46,5
1170,SOLDADO SEGUNDO QUIROZ,LOJA,CELICA,CELICA,14,2
1173,FAE,LOJA,CELICA,CELICA,21,2
1174,CABO SEGUNDO GABRIEL HIPOLITO SOLIS MOREIRA,LOJA,CELICA,CELICA,25,3
1175,CELICA,LOJA,CELICA,CELICA,14,2
1186,COLEGIO ARTESANAL FRANCISCO CELI BARBA,LOJA,CHAGUARPAMBA,CHAGUARPAMBA,24,2
1190,JUAN JOSE CASTILLO CELI,LOJA,CHAGUARPAMBA,CHAGUARPAMBA,21,3
1194,CELSA FILOTEA MOCHA ORDOÑEZ,LOJA,CHAGUARPAMBA,CHAGUARPAMBA,23,2
1197,HERMANO LUIS VINUEZA PAVON,LOJA,CHAGUARPAMBA,CHAGUARPAMBA,17,2
1200,PALTAS,LOJA,CHAGUARPAMBA,CHAGUARPAMBA,17,2
1205,JOSE LINO PALACIOS,LOJA,CHAGUARPAMBA,EL ROSARIO,21,2
1208,ISABEL MARIA LIZALDEZ DE TRUJILLO,LOJA,CHAGUARPAMBA,CHAGUARPAMBA,30,2
1209,MIGUEL DE CERVANTES,LOJA,CHAGUARPAMBA,EL ROSARIO,4,2
1216,UNIDAD EDUCATIVA A DISTANCIA DE LOJA EXTENSION LOZUMBE,LOJA,CHAGUARPAMBA,SANTA RUFINA,39,7
1218,JULIO MOISES CORDOVA ROJAS,LOJA,CHAGUARPAMBA,SANTA RUFINA,20,3
1223,QUITO LUZ DE AMERICA,LOJA,CHAGUARPAMBA,SANTA RUFINA,38,2
1226,MIREYA VILLAMAGUA,LOJA,CHAGUARPAMBA,SANTA RUFINA,11,3
1233,CELIANO AVILA PENA,LOJA,ESPINDOLA,BELLAVISTA,20,2
1243,ESCUELA JOSE JOAQUIN PALACIOS,LOJA,ESPINDOLA,BELLAVISTA,32,2
1248,DR JOSE LUIS TAMAYO,LOJA,ESPINDOLA,JIMBURA,37,2
1252,26 DE SEPTIEMBRE,LOJA,ESPINDOLA,JIMBURA,18,2
1253,DIEZ DE OCTUBRE,LOJA,ESPINDOLA,JIMBURA,40,2
1254,MONS. JOSE IGNACIO CHECA,LOJA,ESPINDOLA,JIMBURA,50,3
1257,LA NARANJA,LOJA,ESPINDOLA,27 DE ABRIL,25,4
1258,JUAN LEON MERA,LOJA,ESPINDOLA,27 DE ABRIL,12,3
1260,CARLOS MARIA DE LA TORRE,LOJA,ESPINDOLA,27 DE ABRIL,14,4
1262,ESCUELA FISCAL MIXTA JUAN JOSE PEÑA,LOJA,ESPINDOLA,27 DE ABRIL,21,3
1263,LIC JAIME BOLÍVAR VALAREZO OCAMPO,LOJA,ESPINDOLA,27 DE ABRIL,16,3
1264,HERMANO JUAN NEPOMUCENO,LOJA,ESPINDOLA,27 DE ABRIL,11,2
1265,ANTONIO FIDEL GARCIA TORRES,LOJA,ESPINDOLA,27 DE ABRIL,21,2
1266,PROF  ANGELICA TORRES RIOS,LOJA,ESPINDOLA,27 DE ABRIL,19,4
1270,DR GUADALUPE LARRIVA GONZALEZ,LOJA,ESPINDOLA,EL INGENIO,37,3
1271,24 DE OCTUBRE,LOJA,ESPINDOLA,EL INGENIO,27,3
1273,TRABAJADORES EL INGENIO,LOJA,ESPINDOLA,EL INGENIO,33,6
1274,ESCUELA ISABEL GARCIA,LOJA,ESPINDOLA,EL INGENIO,14,2
1275,SANTA ROSA,LOJA,ESPINDOLA,EL AIRO,18,2
1280,FISCAL MIXTA LUZ CLARITA SUÁREZ,LOJA,ESPINDOLA,EL AIRO,44,3
1281,MANABI,LOJA,ESPINDOLA,EL AIRO,43,4
1284,MONSEÑOR JOSE MARIA HARRIS MORALES,LOJA,ESPINDOLA,AMALUZA,32,3
1290,CLARA AURORA GARCIA TORRES,LOJA,ESPINDOLA,AMALUZA,8,2
1292,ASUNCION,LOJA,ESPINDOLA,AMALUZA,22,2
1293,ESCUELA MAINAS,LOJA,ESPINDOLA,AMALUZA,20,3
1296,HERMANO BERNABE LUIS,LOJA,ESPINDOLA,AMALUZA,10,2
1298,LUIS BENJAMIN GUARNIZO,LOJA,ESPINDOLA,SANTA TERESITA,11,2
1302,CENTINELA DE LA PATRIA,LOJA,ESPINDOLA,SANTA TERESITA,12,2
1304,JOSE MIGUEL CARRION,LOJA,ESPINDOLA,SANTA TERESITA,7,2
1305,RIOBAMBA,LOJA,ESPINDOLA,SANTA TERESITA,44,6
1306,ISMAEL PEREZ PAZMIÑO,LOJA,ESPINDOLA,SANTA TERESITA,30,3
1308,ARCADIO MENDIETA VIRGEN DEL CISNE,LOJA,GONZANAMA,CHANGAIMINA (LA LIBERTAD),23,2
1311,REINA DEL CISNE,LOJA,GONZANAMA,CHANGAIMINA (LA LIBERTAD),10,2
1314,ANTONIO DE ULLOA ( NARANJILLO),LOJA,GONZANAMA,CHANGAIMINA (LA LIBERTAD),5,2
1316,PROFESORA CRIMILDA TORRES DE GUARNIZO,LOJA,GONZANAMA,CHANGAIMINA (LA LIBERTAD),27,4
1322,SANTA MARIANITA DE JESUS (PILLINUMA),LOJA,GONZANAMA,CHANGAIMINA (LA LIBERTAD),11,2
1326,JUAN DELGADO,LOJA,GONZANAMA,CHANGAIMINA (LA LIBERTAD),16,2
1329,RIO SARAGURO,LOJA,GONZANAMA,CHANGAIMINA (LA LIBERTAD),28,5
1338,CAMILO PONCE ENRIQUEZ,LOJA,GONZANAMA,SACAPALCA,21,2
1341,JORGE JUAN HERRERA,LOJA,GONZANAMA,SACAPALCA,11,2
1342,JUAN DE SALINAS,LOJA,GONZANAMA,SACAPALCA,22,6
1343,ADAN CASTILLO CAÑAR,LOJA,GONZANAMA,SACAPALCA,23,3
1345,NEWTON,LOJA,GONZANAMA,SACAPALCA,18,3
1346,CALIXTO CUEVA SANCHEZ,LOJA,GONZANAMA,SACAPALCA,47,4
1347,GALAPAGOS,LOJA,GONZANAMA,SACAPALCA,28,2
1348,BARTOLOME RUIZ,LOJA,GONZANAMA,SACAPALCA,19,2
1354,DR. JUAN FRANCISCO RUBIO,LOJA,GONZANAMA,PURUNUMA (EGUIGUREN),16,2
1355,RAFAEL GARCIA,LOJA,GONZANAMA,PURUNUMA (EGUIGUREN),9,2
1359,MIGUEL ANGEL ALVAREZ CASTILLO,LOJA,GONZANAMA,PURUNUMA (EGUIGUREN),9,2
1360,UNIDAD EDUCATIVA A DISTANCIA DE LOJA EXTENSIÓN PURUNUMA,LOJA,GONZANAMA,PURUNUMA (EGUIGUREN),48,7
1363,VICTOR MANUEL SAMANIEGO,LOJA,GONZANAMA,GONZANAMA,17,2
1368,JUAN BAUTISTA AGUIRRE,LOJA,GONZANAMA,GONZANAMA,41,3
1369,LIC GILBERTO LEON YAGUANA,LOJA,GONZANAMA,GONZANAMA,6,2
1375,TARQUI NO 96,LOJA,GONZANAMA,GONZANAMA,8,5
1377,DR CARLOS ANDRADE MARIN,LOJA,GONZANAMA,GONZANAMA,14,2
1379,NUEVA ESPERANZA,LOJA,GONZANAMA,NAMBACOLA,20,5
1383,AMERICA RUTH LOZADA RAMIREZ,LOJA,GONZANAMA,NAMBACOLA,11,2
1386,MANUEL JOSE JARAMILLO,LOJA,GONZANAMA,NAMBACOLA,16,2
1387,SEGUNDO CUEVA CELI,LOJA,GONZANAMA,NAMBACOLA,15,2
1388,ESCUELA FISCAL   AGRIPINA LUZURIAGA,LOJA,GONZANAMA,NAMBACOLA,18,2
1389,DOMINGA LEON DE ANDRADE,LOJA,GONZANAMA,NAMBACOLA,13,2
1393,DANIEL SALVADOR OJEDA LUNA,LOJA,GONZANAMA,NAMBACOLA,18,2
1394,PROVINCIA DE LOJA,LOJA,GONZANAMA,NAMBACOLA,40,3
1395,VICENTE ROCAFUERTE,LOJA,GONZANAMA,NAMBACOLA,46,5
1398,ABEL ABIATAR QUEVEDO,LOJA,GONZANAMA,NAMBACOLA,14,2
1401,DR. JOSE MARIA RIOFRIO,LOJA,GONZANAMA,NAMBACOLA,15,2
1404,EL PROGRESO,LOJA,GONZANAMA,NAMBACOLA,14,2
1405,CENTRO EDUCATIVO PARTICULAR LA CALANDRIA,LOJA,LOJA,VILCABAMBA (VICTORIA),11,3
1407,JOSE VICENTE ANDRADE,LOJA,LOJA,VILCABAMBA (VICTORIA),22,2
1411,CENTRO  DE   FORMACION ARTESANAL FISCAL VILCABAMBA,LOJA,LOJA,VILCABAMBA (VICTORIA),35,4
1413,MANUEL RIOFRIO MORA,LOJA,LOJA,VILCABAMBA (VICTORIA),17,2
1417,JULIAN DE RUA PIZARRO,LOJA,LOJA,VILCABAMBA (VICTORIA),28,3
1418,GONZALO ABAD GRIJALVA,LOJA,LOJA,VILCABAMBA (VICTORIA),39,4
1426,MATILDE PALACIO DE JARAMILLO,LOJA,LOJA,YANGANA (ARSENIO CASTILLO),23,3
1427,DR. RICARDO SOTOMAYOR,LOJA,LOJA,YANGANA (ARSENIO CASTILLO),16,2
1429,PEDRO LÓPEZ MEDRANO,LOJA,LOJA,YANGANA (ARSENIO CASTILLO),13,2
1430,JUAN ULLAURI,LOJA,LOJA,YANGANA (ARSENIO CASTILLO),18,2
1432,JOAQUIN PALACIOS,LOJA,LOJA,QUINARA,13,2
1436,DIRIGENTES DEL FUTURO,LOJA,LOJA,MALACATOS (VALLADOLID),34,2
1440,DR LUIS EMILIO RODRIGUEZ,LOJA,LOJA,MALACATOS (VALLADOLID),35,6
1441,MANUEL ESTEBAN GODOY O.,LOJA,LOJA,MALACATOS (VALLADOLID),39,3
1447,ROLANDO MERCHAN SEMERIA,LOJA,LOJA,MALACATOS (VALLADOLID),16,2
1449,VICTOR MANUEL BURNEO,LOJA,LOJA,MALACATOS (VALLADOLID),16,2
1451,ESCUELA ANGEL MINOS CUEVA,LOJA,LOJA,MALACATOS (VALLADOLID),10,2
1455,BLANCA CANO PALACIOS,LOJA,LOJA,MALACATOS (VALLADOLID),49,4
1457,16 DE JULIO,LOJA,LOJA,MALACATOS (VALLADOLID),28,3
1459,REINA JULIANA DE HOLANDA,LOJA,LOJA,MALACATOS (VALLADOLID),23,4
1460,JOSE BENIGNO JARAMILLO,LOJA,LOJA,MALACATOS (VALLADOLID),28,3
1463,CLORINDA ESPINOSA,LOJA,LOJA,CHANTACO,16,2
1467,DR HUGO GUILLERMO GONZALEZ,LOJA,LOJA,CHANTACO,32,2
1468,BENJAMIN AYORA,LOJA,LOJA,TAQUIL (MIGUEL RIOFRIO),25,2
1470,JUAN ZAMBRANO,LOJA,LOJA,TAQUIL (MIGUEL RIOFRIO),18,2
1471,TULCAN,LOJA,LOJA,TAQUIL (MIGUEL RIOFRIO),25,3
1475,PEDRO PINTO GUZMAN,LOJA,LOJA,TAQUIL (MIGUEL RIOFRIO),17,2
1476,ANGEL RUBEN  PLACENCIA,LOJA,LOJA,TAQUIL (MIGUEL RIOFRIO),34,3
1477,CLOTARIO ESPINOSA SIGCHO,LOJA,LOJA,TAQUIL (MIGUEL RIOFRIO),33,3
1478,GUILLERMO HERRERA SANCHEZ,LOJA,LOJA,TAQUIL (MIGUEL RIOFRIO),42,7
1479,PIO JARAMILLO ALVARADO,LOJA,LOJA,TAQUIL (MIGUEL RIOFRIO),47,4
1480,DR. BENJAMIN AYORA CUEVA,LOJA,LOJA,TAQUIL (MIGUEL RIOFRIO),48,7
1481,PEDRO FERMIN CEVALLOS,LOJA,LOJA,CHUQUIRIBAMBA,14,2
1483,ADOLFO VALAREZO,LOJA,LOJA,CHUQUIRIBAMBA,29,2
1486,EDUARDO UNDA BUSTAMANTE,LOJA,LOJA,CHUQUIRIBAMBA,19,2
1490,MARIA DOMINGA GUAYA SINCHE,LOJA,LOJA,CHUQUIRIBAMBA,15,2
1495,LOS OLIVOS,LOJA,LOJA,SAN SEBASTIAN,37,3
1505,CENTRO EDUCATIVO PARTICULAR BILINGUE ARCOIRIS,LOJA,LOJA,SAN SEBASTIAN,30,3
1508,CENTRO EDUCATIVO INTEGRAL ALBORADA,LOJA,LOJA,SAN SEBASTIAN,19,7
1510,CHISPITAS,LOJA,LOJA,SAN SEBASTIAN,28,3
1514,UNIDAD EDUCATIVA EXPERIMENTAL PARA CIEGOS LUIS BRAILLE,LOJA,LOJA,SAN SEBASTIAN,22,12
1515,NICOLASA JURADO,LOJA,LOJA,SAN SEBASTIAN,47,7
1520,APRENDER JUGANDO,LOJA,LOJA,SAN SEBASTIAN,30,4
1536,ALFONSO AULESTIA BRAVO,LOJA,LOJA,SAN SEBASTIAN,29,3
1539,CONSERVATORIO SUPERIOR SALVADOR BUSTAMANTE CELI,LOJA,LOJA,VALLE,0,60
1541,HUMANITOS,LOJA,LOJA,EL SAGRARIO,17,5
1546,ADOLFO JURADO GONZALEZ,LOJA,LOJA,VALLE,47,6
1547,ANGEL MODESTO VALLEJO VIVANCO,LOJA,LOJA,VALLE,39,3
1548,AGUSTIN ALFONSO PALACIO PALACIO,LOJA,LOJA,VALLE,46,4
1561,DR  JOSE MIGUEL CARRION  MORA,LOJA,LOJA,EL SAGRARIO,24,2
1587,INSTITUTO ESPECIAL FISCAL PARA CIEGOS BYRON EGUIGUREN,LOJA,LOJA,EL SAGRARIO,34,12
1589,LAS ABEJITAS,LOJA,LOJA,SUCRE,27,8
1590,CADE,LOJA,LOJA,EL SAGRARIO,45,20
1593,MONTSERRAT,LOJA,LOJA,SUCRE,19,2
1602,PARAISO INFANTIL,LOJA,LOJA,SUCRE,43,3
1603,PEDRO DE CIANCA,LOJA,LOJA,SUCRE,23,2
1604,BURBUJITAS DE SABIDURIA,LOJA,LOJA,SUCRE,31,5
1620,CENTRO DE REHABILITACION DE MENORES,LOJA,LOJA,SAN SEBASTIAN,0,4
1625,RAMON SEBASTIAN VALDIVIEZO,LOJA,LOJA,SUCRE,37,3
1626,REPUBLICA DE CUBA,LOJA,LOJA,SUCRE,46,3
1646,LAS TRAVESURAS DE CAMILO,LOJA,LOJA,SAN SEBASTIAN,26,4
1651,CENTINELA DEL SUR,LOJA,LOJA,VALLE,46,5
1652,MADRE ETERNA,LOJA,LOJA,VALLE,10,2
1655,JOSE RAFAEL ARIZAGA VEGA,LOJA,LOJA,VALLE,49,5
1656,I.E. ESPECIAL DE LOJA NO. 2,LOJA,LOJA,VALLE,48,11
1658,FEDERICO GARCIA LORCA,LOJA,LOJA,VALLE,20,4
1659,DR. ANGEL RAFAEL MORALES,LOJA,LOJA,VALLE,43,3
1660,ROSA SANCHEZ DE FIERRO,LOJA,LOJA,VALLE,31,4
1661,CLOTILDE GUILLEN DE REZANO,LOJA,LOJA,VALLE,15,2
1672,GUSTAVO DARQUEA TERAN,LOJA,LOJA,VALLE,44,6
1673,JOSE MARIA JARAMILLO SUAREZ,LOJA,LOJA,VALLE,45,4
1674,EMILIANO MORA,LOJA,LOJA,VALLE,29,3
1680,SAN PABLO,LOJA,LOJA,VALLE,37,7
1681,CENTRO EDUCATIVO COMUNITARIO PACHAKUTIK,LOJA,LOJA,VALLE,31,2
1683,AMARILIS FUENTES,LOJA,LOJA,SAN LUCAS,37,3
1684,INTI PAKARI,LOJA,LOJA,SAN LUCAS,24,3
1685,WAKA KUSKA,LOJA,LOJA,SAN LUCAS,22,2
1693,KAPAK RAYMI,LOJA,LOJA,SAN LUCAS,45,6
1694,VICTOR MARCOS MEDINA,LOJA,LOJA,SAN LUCAS,31,3
1695,MONSEÑOR LEONIDAS PROAÑO N 3,LOJA,LOJA,SAN LUCAS,35,3
1696,LUZ COSTA ZABALETA,LOJA,LOJA,SAN LUCAS,30,2
1697,MARIANA DE JESUS GUANUCHE,LOJA,LOJA,SAN LUCAS,19,2
1698,ROBERTO ANDRADE,LOJA,LOJA,SAN LUCAS,43,5
1699,INKA ÑAN,LOJA,LOJA,SAN LUCAS,34,3
1700,AMAWTA WASI,LOJA,LOJA,SAN LUCAS,28,3
1701,MONS LEONIDAS PROAÑO NO 2,LOJA,LOJA,SAN LUCAS,42,4
1703,YACHAYTA MICHIK,LOJA,LOJA,SAN LUCAS,13,3
1704,INKA PIRKA,LOJA,LOJA,SAN LUCAS,32,2
1706,ATAHUALPA Nº 18,LOJA,LOJA,SAN LUCAS,29,4
1713,MAGDALENA DAVALOS,LOJA,LOJA,SANTIAGO,8,2
1722,GASPAR GOMEZ DE SALAZAR,LOJA,LOJA,GUALEL,33,3
1724,PEDRO BENAVENTE,LOJA,LOJA,GUALEL,21,2
1726,HOMERO VITERI LA FRONTE,LOJA,LOJA,GUALEL,34,2
1730,10 DE DICIEMBRE,LOJA,LOJA,GUALEL,33,2
1733,AZUAY N 12,LOJA,LOJA,JIMBILLA,13,2
1740,COLEGIO PARTICULAR JOSE MARIA VIVAR CASTRO,LOJA,LOJA,EL SAGRARIO,44,9
1746,CENTRO DE REHABILITACION DE ADULTOS DE LOJA,LOJA,LOJA,SAN SEBASTIAN,0,2
1751,LUZ BENIGNA LUZURIAGA MORALES,LOJA,MACARA,MACARA  (MANUEL ENRIQUE RENGEL SUQUILANDA),14,3
1752,JORGE SOTOMAYOR CASTRO,LOJA,MACARA,MACARA  (MANUEL ENRIQUE RENGEL SUQUILANDA),12,6
1753,CENTRO DE FORMACION ARTESANAL SANTA MARIANA DE JESUS,LOJA,MACARA,MACARA  (MANUEL ENRIQUE RENGEL SUQUILANDA),43,7
1756,CORONEL MIGUEL ANGEL ESTRELLA,LOJA,MACARA,MACARA  (MANUEL ENRIQUE RENGEL SUQUILANDA),19,2
1757,MANUELITA SAENZ,LOJA,MACARA,MACARA  (MANUEL ENRIQUE RENGEL SUQUILANDA),22,2
1758,DR. CARLOS ROMAN HINOSTROSA,LOJA,MACARA,MACARA  (MANUEL ENRIQUE RENGEL SUQUILANDA),39,3
1762,RIO SANTIAGO,LOJA,MACARA,MACARA  (MANUEL ENRIQUE RENGEL SUQUILANDA),16,2
1765,ANTONIO ANTE,LOJA,MACARA,MACARA  (MANUEL ENRIQUE RENGEL SUQUILANDA),13,2
1767,JUAN RAFAEL ARROBO,LOJA,MACARA,MACARA  (MANUEL ENRIQUE RENGEL SUQUILANDA),26,2
1774,JARDIN DE INFANTES GEOFRE LUZURIAGA,LOJA,MACARA,MACARA  (MANUEL ENRIQUE RENGEL SUQUILANDA),36,2
1775,NUEVO AMANECER,LOJA,MACARA,GENERAL ELOY ALFARO (SAN SEBASTIAN),0,2
1783,SALVADOR BUSTAMANTE CELI,LOJA,MACARA,GENERAL ELOY ALFARO (SAN SEBASTIAN),21,2
1794,SIMON RODRIGUEZ,LOJA,MACARA,SABIANGO (LA CAPILLA),43,10
1795,COLEGIO TECNICO AGROPECUARIO JORGE SANCHEZ MORENO,LOJA,MACARA,SABIANGO (LA CAPILLA),41,10
1803,ANGELA PETRONILA CELI,LOJA,MACARA,LA VICTORIA,33,3
1806,CARLOS GUEVARA MORENO,LOJA,MACARA,LA VICTORIA,8,2
1807,ROSA HONORINA HIDALGO SOTOMAYOR DE RODRIGUEZ,LOJA,MACARA,LA VICTORIA,26,2
1809,ALFREDO OSPINA,LOJA,MACARA,LA VICTORIA,10,2
1816,BARTOLOME DE LAS CASAS,LOJA,MACARA,LARAMA,41,4
1817,ESCUELA CIUDAD DE MACARA MIXTA,LOJA,MACARA,LARAMA,13,2
1820,25 DE JULIO,LOJA,MACARA,LARAMA,20,3
1821,SEGUNDO NICANOR CASTILLO,LOJA,MACARA,LARAMA,21,2
1823,CAMILO GALLEGOS DOMINGUEZ,LOJA,MACARA,LARAMA,38,7
1827,UNIDAD EDUCATIVA A DISTANCIA DE LOJA EXT LIC PATRICIO CARVAJAL,LOJA,OLMEDO,OLMEDO,50,7
1830,DR  MANUEL VARGAS CALLE,LOJA,OLMEDO,OLMEDO,21,4
1831,JUAN RAFAEL SANCHEZ ROMAN,LOJA,OLMEDO,OLMEDO,14,4
1833,CUIDAD DE BRASILIA,LOJA,OLMEDO,OLMEDO,10,2
1836,GUAYAQUIL,LOJA,OLMEDO,OLMEDO,10,2
1838,ESCUELA FISCAL MIXTA OLMEDO,LOJA,OLMEDO,OLMEDO,25,3
1839,DR FRANSISCO COSTA ZABALETA,LOJA,OLMEDO,OLMEDO,39,6
1841,MARQUEZA DE SOLANDA,LOJA,OLMEDO,OLMEDO,10,2
1848,ANTONIO NARIÑO,LOJA,OLMEDO,LA TINGUE,41,8
1849,LUIS BARRAGAN TORRES,LOJA,OLMEDO,LA TINGUE,15,3
1851,SUIZA,LOJA,OLMEDO,OLMEDO,30,7
1857,PROFESOR GALO ANIBAL LOPEZ VIVANCO,LOJA,PALTAS,CATACOCHA,31,2
1859,ROBERTO RUILOVA,LOJA,PALTAS,CATACOCHA,25,2
1863,HERMEL N VELASCO,LOJA,PALTAS,CATACOCHA,21,2
1865,GONZALO RUBIO ORBE,LOJA,PALTAS,CATACOCHA,23,2
1871,AQUILES PEREZ,LOJA,PALTAS,CATACOCHA,19,2
1872,CENTRO DE EDUCACION ESPECIAL JOSE BELISARIO DIAZ,LOJA,PALTAS,CATACOCHA,32,4
1882,SU MAJESTAD EL NIÑO,LOJA,PALTAS,LOURDES,50,2
1884,RAFAEL VILLAVICENCIO VELEZ,LOJA,PALTAS,LOURDES,21,2
1887,MANUEL UTRERAS GOMEZ,LOJA,PALTAS,LOURDES,21,3
1888,13 DE MAYO,LOJA,PALTAS,LOURDES,45,5
1893,LUIS ALFREDO MARTINEZ,LOJA,PALTAS,LOURDES,10,2
1894,CARLOS EDUARDO GONZALEZ,LOJA,PALTAS,LOURDES,18,3
1897,EDMUNDO CARBO,LOJA,PALTAS,LOURDES,50,3
1904,14 DE ABRIL,LOJA,PALTAS,SAN ANTONIO,16,2
1907,JUAN MARIA ARMIJOS CAMPOVERDE,LOJA,PALTAS,SAN ANTONIO,16,2
1910,GUILLERMO HUMBERTO VINTIMILLA,LOJA,PALTAS,CASANGA,36,3
1915,CORINA PARRAL DE VELASCO IBARRA,LOJA,PALTAS,CASANGA,32,3
1922,ESCUELA FRANCISCO CELI BARBA SEDE RED ESCOLAR RURAL YAMANA,LOJA,PALTAS,YAMANA,21,6
1924,ALFREDO VERA,LOJA,PALTAS,CANGONAMA,9,2
1928,CANONIGO BOLIVAR BAILON MORALES,LOJA,PALTAS,LAURO GUERRERO,27,3
1930,ESCUELA RUMICHACA,LOJA,PALTAS,LAURO GUERRERO,18,2
1932,HECTOR LARA ZAMBRANO,LOJA,PALTAS,LAURO GUERRERO,33,2
1934,APARICIO BRAVO,LOJA,PALTAS,CANGONAMA,25,2
1935,CELSO FELIPE ATARIHUANA,LOJA,PALTAS,CANGONAMA,16,2
1945,PARCIALIDAD DE LOS PALTAS,LOJA,PALTAS,GUACHANAMA,41,3
1952,EMILIANO GUERRERO,LOJA,PALTAS,GUACHANAMA,38,3
1955,MANUEL DE JESUS VARGAS GUALAN,LOJA,PALTAS,GUACHANAMA,30,2
1957,GARCILAZO DE LA VEGA,LOJA,PALTAS,GUACHANAMA,22,2
1958,VICENTE ANDA AGUIRRE,LOJA,PALTAS,GUACHANAMA,13,2
1959,BELISARIO QUEVEDO,LOJA,PALTAS,GUACHANAMA,38,4
1962,UNIDAD EDUCATIVA A DISTANCIA DE LOJA  EXT HNO MIGUEL FEBRES CORDERO,LOJA,PALTAS,ORIANGA,35,4
1967,GRECIA,LOJA,PALTAS,ORIANGA,12,2
1968,CIUDAD DE MANAGUA,LOJA,PALTAS,ORIANGA,13,2
1975,PROVINCIA DE PAZTAZA,LOJA,PALTAS,ORIANGA,10,2
1979,BRAULIO BARILLAS,LOJA,PALTAS,GUACHANAMA,17,2
1981,ABRAHAM LINCOLN,LOJA,PINDAL,CHAQUINAL,15,2
1982,CIUDAD DE PINDAL,LOJA,PINDAL,CHAQUINAL,16,2
1983,LUZ ANGELICA MARTINEZ,LOJA,PINDAL,CHAQUINAL,41,3
1987,JOSE MIGUEL ZARATE,LOJA,PINDAL,CHAQUINAL,37,4
1990,SEGUNDO CUEVA CELI,LOJA,PINDAL,12 DE DICIEMBRE,19,2
1995,DOLORES SUCRE,LOJA,PINDAL,12 DE DICIEMBRE,36,3
1996,VICTOR EFREN PILCO,LOJA,PINDAL,12 DE DICIEMBRE,32,2
1999,TUNGURAHUA,LOJA,PINDAL,12 DE DICIEMBRE,16,2
2008,VICTOR MIGUEL MONCAYO PALACIOS,LOJA,PINDAL,MILAGROS,24,3
2012,CIUDAD DE ROMA,LOJA,PINDAL,MILAGROS,21,2
2015,JAMBELI,LOJA,PINDAL,MILAGROS,21,2
2019,OLGA MARINA GONZALEZ GRANDA,LOJA,PINDAL,MILAGROS,48,3
2021,EDUARDO HANNER,LOJA,PINDAL,MILAGROS,45,5
2024,JOSE MARIA URBINA,LOJA,PINDAL,PINDAL,23,4
2029,RAMON PINTO GUZMAN,LOJA,PINDAL,PINDAL,29,2
2033,JARDIN DE INFANTES MARIA ANGELICA IDROVO,LOJA,PINDAL,PINDAL,38,2
2038,CIUDAD DE QUITO,LOJA,PUYANGO,CIANO,18,2
2042,SEGUNDO MIGUEL SALAZAR,LOJA,PUYANGO,CIANO,24,3
2043,HEROES DE 1941,LOJA,PUYANGO,CIANO,20,5
2044,LA ZARZA,LOJA,PUYANGO,CIANO,33,2
2050,RIO MACARA,LOJA,PUYANGO,EL ARENAL,16,2
2052,PAULO FREIRE,LOJA,PUYANGO,EL ARENAL,21,2
2057,CENTRO DE FORMACIÓN ARTESANAL VICENTINO,LOJA,PUYANGO,VICENTINO,45,7
2065,REPUBLICA DE NICARAGUA,LOJA,PUYANGO,VICENTINO,30,2
2071,MODESTO CHAVEZ FRANCO,LOJA,PUYANGO,MERCADILLO,24,2
2081,MIGUEL ANGEL ALBORNOZ,LOJA,PUYANGO,ALAMOR,15,2
2083,DANIEL VELEZ,LOJA,PUYANGO,ALAMOR,25,2
2091,FRANCISCO LECARO PEREZ,LOJA,PUYANGO,ALAMOR,9,2
2112,CRISTOBAL OJEDA DAVILA,LOJA,PUYANGO,ALAMOR,29,3
2124,MARIA AMADA ULLOA,LOJA,PUYANGO,EL LIMO (MARIANA DE JESUS),35,3
2127,SANTIAGO DE LAS MONTAÑAS,LOJA,PUYANGO,EL LIMO (MARIANA DE JESUS),43,3
2129,JHON LOOCK,LOJA,PUYANGO,EL LIMO (MARIANA DE JESUS),9,2
2134,RUPERTO ALARCON FALCONI,LOJA,PUYANGO,EL LIMO (MARIANA DE JESUS),31,2
2137,JULIO ALBERTO PAREDES,LOJA,PUYANGO,EL LIMO (MARIANA DE JESUS),44,3
2138,ANGEL PALACIO,LOJA,PUYANGO,EL LIMO (MARIANA DE JESUS),33,2
2142,VICTOR MANUEL CARRION,LOJA,QUILANGA,QUILANGA,8,2
2154,JOAQUIN AÑAZCO,LOJA,QUILANGA,QUILANGA,43,3
2156,CAUPOLICAN,LOJA,QUILANGA,QUILANGA,9,2
2158,DOCTOR LUIS FELIPE MORA,LOJA,QUILANGA,QUILANGA,22,3
2160,ROSARIO G DE MURILLO,LOJA,QUILANGA,QUILANGA,10,2
2163,LUIS ALBERTO SOTOMAYOR SEDE RED ESCOLAR AUTONOMA RURAL FUNDOCHAMBA,LOJA,QUILANGA,FUNDOCHAMBA,30,5
2164,JUAN CUEVA GARCIA,LOJA,QUILANGA,FUNDOCHAMBA,11,5
2166,VITERI FROILAN JIMENEZ GRANDA,LOJA,QUILANGA,SAN ANTONIO DE LAS ARADAS,28,3
2168,ALFONSO MEJIA,LOJA,QUILANGA,SAN ANTONIO DE LAS ARADAS,18,3
2169,30  DE SEPTIEMBRE,LOJA,QUILANGA,SAN ANTONIO DE LAS ARADAS,10,3
2171,ISLA SAN CRISTOBAL,LOJA,QUILANGA,SAN ANTONIO DE LAS ARADAS,17,3
2176,KUNAN KAWSAY,LOJA,SARAGURO,URDANETA (PAQUISHAPA),49,2
2178,ESCUELA FISCAL MIXTA INGAPIRCA,LOJA,SARAGURO,EL TABLON,36,2
2180,REINO DE QUITO,LOJA,SARAGURO,EL TABLON,25,2
2182,FIERROHURCO,LOJA,SARAGURO,SAN ANTONIO DE QUMBE (CUMBE),15,2
2183,MANUEL CRUZ MUÑOZ MUÑOZ,LOJA,SARAGURO,SAN ANTONIO DE QUMBE (CUMBE),34,3
2184,CARLOS MARIA DE LAS CONDAMINE,LOJA,SARAGURO,SAN ANTONIO DE QUMBE (CUMBE),18,2
2186,BELISARIO MORENO,LOJA,SARAGURO,SAN ANTONIO DE QUMBE (CUMBE),15,2
2187,MARIA FLORINDA ARMIJOS,LOJA,SARAGURO,SAN ANTONIO DE QUMBE (CUMBE),36,2
2191,GRAD MIGUEL ITURRALDE,LOJA,SARAGURO,URDANETA (PAQUISHAPA),37,3
2192,TORRICELLI,LOJA,SARAGURO,URDANETA (PAQUISHAPA),43,3
2198,JOSE MIGUEL ZHINGRE MEDINA,LOJA,SARAGURO,SARAGURO,23,2
2202,YAGUARZONGO,LOJA,SARAGURO,SARAGURO,50,4
2203,KURI SARA LLAKTA,LOJA,SARAGURO,SARAGURO,43,6
2217,DIVINO NIÑO JESUS,LOJA,SARAGURO,SARAGURO,25,3
2222,JAIME BEJARANO,LOJA,SARAGURO,SAN PABLO DE TENTA,19,2
2225,ALBERTO GUERRERO MARTINEZ,LOJA,SARAGURO,EL PARAISO DE CELEN,49,5
2228,SISA  LLAKTA,LOJA,SARAGURO,SAN PABLO DE TENTA,32,3
2233,MARIANO CUEVA,LOJA,SARAGURO,EL PARAISO DE CELEN,49,2
2234,EL VERGEL,LOJA,SARAGURO,SAN PABLO DE TENTA,44,8
2236,AYUDA FRATERNA,LOJA,SARAGURO,SAN PABLO DE TENTA,15,2
2237,OMAR TORRIJOS,LOJA,SARAGURO,SAN PABLO DE TENTA,36,4
2239,JOSE DE ANTEPARA,LOJA,SARAGURO,SAN PABLO DE TENTA,46,3
2240,LUIS MOGROVEJO QUEVEDO,LOJA,SARAGURO,SAN PABLO DE TENTA,41,3
2242,JOSE MARIA ANDRADE,LOJA,SARAGURO,SELVA ALEGRE,33,5
2243,INTIPAK  CHURI,LOJA,SARAGURO,SELVA ALEGRE,28,3
2253,CIUDAD DE TENA,LOJA,SARAGURO,LLUZHAPA,29,2
2254,LUIS ANTONIO MONTESINOS,LOJA,SARAGURO,SAN PABLO DE TENTA,25,2
2257,SAN LUIS DE CURIACU,LOJA,SARAGURO,SELVA ALEGRE,49,3
2259,MANUEL JUVENTINO MUÑOZ,LOJA,SARAGURO,SELVA ALEGRE,32,2
2263,ROSALINO MONTAÑO ARMIJOS,LOJA,SARAGURO,SUMAYPAMBA,28,2
2264,29 DE JUNIO,LOJA,SARAGURO,SUMAYPAMBA,50,4
2265,CIUDAD DE ZUMBA,LOJA,SARAGURO,SUMAYPAMBA,46,3
2266,JUANITA COLLAHUAZO PAEZ,LOJA,SARAGURO,SUMAYPAMBA,36,4
2271,LIMAPAMBA,LOJA,SARAGURO,SAN SEBASTIAN DE YULUC,24,2
2273,CENTRO DE FORMACION ARTESANAL FISCAL MANU,LOJA,SARAGURO,MANU,39,4
2278,FAUSTO GODOFREDO PACHAR LAZO,LOJA,SARAGURO,MANU,22,2
2280,MERCEDES GONZALEZ DE MOSCOSO,LOJA,SARAGURO,MANU,48,5
2282,PROF. WILSON PALACIO SALCEDO,LOJA,SARAGURO,MANU,37,3
2285,DARIO CISNEROS,LOJA,SARAGURO,MANU,15,2
2286,DR. JOSE MARIA MONTESINOS VIVAR,LOJA,SARAGURO,MANU,18,2
2287,AGUSTIN CELI,LOJA,SARAGURO,MANU,29,2
2288,GRAL. JOSE DE VILLAMIL,LOJA,SARAGURO,MANU,16,2
2292,MAXIMILIANO WITT,LOJA,SOZORANGA,SOZORANGA,34,3
2293,MARCO AURELIO SUBÍA MARTINEZ,LOJA,SOZORANGA,SOZORANGA,19,2
2294,UNIDAD EDUCATIVA A DISTANCIA DE LOJA  EXTENSIÓN CHINCHANGA,LOJA,SOZORANGA,SOZORANGA,43,6
2295,DR. ERNESTO ALBAN GOMEZ,LOJA,SOZORANGA,SOZORANGA,28,2
2296,IGNACIO DE VEINTIMILLA,LOJA,SOZORANGA,SOZORANGA,25,2
2306,ABEL CELI,LOJA,SOZORANGA,SOZORANGA,26,2
2307,VIRGINIA LUDEÑA ESCUDERO,LOJA,SOZORANGA,SOZORANGA,23,4
2308,JOSE VICENTE TRUJILLO,LOJA,SOZORANGA,SOZORANGA,9,2
2310,6 DE DICIEMBRE,LOJA,SOZORANGA,SOZORANGA,21,2
2311,CENTRO ARTESANAL EDUARDO ANDRADE JARAMILLO,LOJA,SOZORANGA,SOZORANGA,16,2
2312,HERMINIA SOTO CELI DE ARIAS,LOJA,SOZORANGA,SOZORANGA,15,2
2314,FRANCISCO HERBOLARIO SOLANO,LOJA,SOZORANGA,SOZORANGA,4,2
2317,ZOILO RODRIGUEZ,LOJA,SOZORANGA,SOZORANGA,41,8
2318,ERNESTO PINTO CASTILLO,LOJA,SOZORANGA,SOZORANGA,22,4
2320,EGDA MARIA GUERRERO LEON,LOJA,SOZORANGA,SOZORANGA,11,2
2323,LEOPOLDO SAMANIEGO,LOJA,SOZORANGA,SOZORANGA,15,2
2325,AGUSTIN MOSQUERA CRESPO,LOJA,SOZORANGA,SOZORANGA,7,2
2329,HERMANO MIGUEL,LOJA,SOZORANGA,NUEVA FATIMA,27,3
2331,MANUEL SAMANIEGO PEÑA,LOJA,SOZORANGA,NUEVA FATIMA,13,2
2334,20 DE DICIEMBRE,LOJA,SOZORANGA,NUEVA FATIMA,15,3
2335,BARTOLOME RUIZ,LOJA,SOZORANGA,SOZORANGA,22,2
2336,ALBERTO MENA HIDALGO,LOJA,SOZORANGA,NUEVA FATIMA,21,2
2339,ESMERALDAS,LOJA,SOZORANGA,NUEVA FATIMA,43,6
2341,DR. OTTO AROSEMENA GOMEZ,LOJA,SOZORANGA,TACAMOROS,20,4
2342,ESCUELA BENIGNO MALO,LOJA,SOZORANGA,TACAMOROS,11,2
2343,FLODUARDO LEON ALBAN,LOJA,SOZORANGA,TACAMOROS,30,2
2344,DR. ANTONIO TRUJILLO,LOJA,SOZORANGA,TACAMOROS,6,2
2346,EMILIANO ORTEGA ESPINOZA,LOJA,SOZORANGA,TACAMOROS,13,4
2347,26 DE SEPTIEMBRE,LOJA,SOZORANGA,TACAMOROS,9,2
2349,PERPETUO SOCORRO,LOJA,SOZORANGA,TACAMOROS,11,3
2351,ALTAR,LOJA,SOZORANGA,TACAMOROS,10,2
2353,LCDO AUGUSTO IZQUIERDO,LOJA,SOZORANGA,TACAMOROS,10,2
2354,GEOFRE  ABDON  LUZURIAGA,LOJA,SOZORANGA,TACAMOROS,32,5
2358,MATIAS ESPINOSA AYALA,LOJA,SOZORANGA,TACAMOROS,18,2
2359,LUIS CARPIO MORA,LOJA,SOZORANGA,TACAMOROS,11,2
2362,JUAN FRANCISCO PINZON,LOJA,SOZORANGA,TACAMOROS,33,3
2365,LIC GONZALO A VASQUEZ S,LOJA,SOZORANGA,TACAMOROS,6,2
2370,JOSE FELIX DE VALDIVIESO,LOJA,ZAPOTILLO,ZAPOTILLO,31,3
2371,ESCUELA FISCAL MIXTA GENERAL  MARIANO VALDIVIESO,LOJA,ZAPOTILLO,ZAPOTILLO,24,3
2381,AMAZONAS,LOJA,ZAPOTILLO,ZAPOTILLO,13,2
2387,VIRGEN FRONTERIZA,LOJA,ZAPOTILLO,PALETILLAS,18,2
2393,CARACAS,LOJA,ZAPOTILLO,PALETILLAS,21,2
2395,JOSE BALDOR,LOJA,ZAPOTILLO,PALETILLAS,15,2
2397,ESCUELA PINTAC,LOJA,ZAPOTILLO,PALETILLAS,45,4
2402,NAZACOTA PUENTO,LOJA,ZAPOTILLO,PALETILLAS,30,3
2407,BATALLON CAYAMBE,LOJA,ZAPOTILLO,BOLASPAMBA,25,2
2408,27 DE FEBRERO,LOJA,ZAPOTILLO,BOLASPAMBA,39,3
2409,PRIMERO DE MAYO,LOJA,ZAPOTILLO,BOLASPAMBA,29,2
2410,GENERAL FRANCISCO ROBLES,LOJA,ZAPOTILLO,CAZADEROS,29,2
2412,MANGAHURCO,LOJA,ZAPOTILLO,CAZADEROS,48,13
2414,PLAZA LEDESMA,LOJA,ZAPOTILLO,CAZADEROS,34,3
2419,UNIDAD EDUCATIVA A DISTANCIA DE LOJA TOMAS MONTOYA  CAZADEROS,LOJA,ZAPOTILLO,CAZADEROS,26,4
2420,LORENZO DE HEREDIA,LOJA,ZAPOTILLO,BOLASPAMBA,18,3
2422,BARON DE HUMBOLTH,LOJA,ZAPOTILLO,CAZADEROS,47,7
2427,CABO DANIEL MARTINEZ,LOJA,ZAPOTILLO,GARZAREAL,18,2
2430,NICOLAS BURNEO ARIAS,LOJA,ZAPOTILLO,GARZAREAL,25,3
2431,SEIS DE DICIEMBRE,LOJA,ZAPOTILLO,GARZAREAL,12,2
2433,BATALLON GENERAL CORDOVA,LOJA,ZAPOTILLO,GARZAREAL,43,4
2434,LOS ANDES,LOJA,ZAPOTILLO,GARZAREAL,13,2
2444,WILFRIDO VIDAL SANCHEZ,LOJA,ZAPOTILLO,LIMONES,23,2
2454,UNIDAD EDUC EXPERIMENTAL A DISTANCIA ZAMORA CH EXTEN SAN ISIDRO,ZAMORA CHINCHIPE,CENTINELA DEL CONDOR,ZUMBI,47,6
2460,GENERAL PINTAG,ZAMORA CHINCHIPE,CENTINELA DEL CONDOR,PANGUINTZA,13,2
2461,LUZ DE AMERICA,ZAMORA CHINCHIPE,CENTINELA DEL CONDOR,TRIUNFO-DORADO,27,3
2468,ALFREDO BAQUERIZO MORENO,ZAMORA CHINCHIPE,CENTINELA DEL CONDOR,ZUMBI,27,3
2473,LA  CONDAMINE,ZAMORA CHINCHIPE,CENTINELA DEL CONDOR,TRIUNFO-DORADO,37,3
2476,ARCHIPIELAGO DE COLON,ZAMORA CHINCHIPE,CENTINELA DEL CONDOR,ZUMBI,22,2
2479,ESPECIAL PADRE JUAN SOLIS,ZAMORA CHINCHIPE,CENTINELA DEL CONDOR,ZUMBI,16,2
2480,GONZALO ZALDUMBIDE,ZAMORA CHINCHIPE,CENTINELA DEL CONDOR,ZUMBI,27,3
2485,ALEJANDRO ENCALADA,ZAMORA CHINCHIPE,CHINCHIPE,EL CHORRO,24,2
2487,UNIDAD EDUC EXPERIMENTAL A DISTANCIA ZAMORA EXT LA CHONTA,ZAMORA CHINCHIPE,CHINCHIPE,LA CHONTA,21,4
2488,GUAYAQUIL,ZAMORA CHINCHIPE,CHINCHIPE,LA CHONTA,27,2
2489,COLEGIO NACIONAL CHINCHIPE,ZAMORA CHINCHIPE,CHINCHIPE,LA CHONTA,10,9
2491,COLEGIO    DIEZ DE AGOSTO,ZAMORA CHINCHIPE,CHINCHIPE,EL CHORRO,17,12
2493,UNIDAD EDUC EXPERIMENTAL A DISTANCIA ZAMORA CH EXT EL HORCON,ZAMORA CHINCHIPE,CHINCHIPE,ZUMBA,29,3
2494,MORAIMA CARVAJAL,ZAMORA CHINCHIPE,CHINCHIPE,ZUMBA,24,2
2499,LUIS G TUFINO,ZAMORA CHINCHIPE,CHINCHIPE,SAN ANDRES,44,5
2500,JOSE VICENTE LEON,ZAMORA CHINCHIPE,CHINCHIPE,SAN ANDRES,20,2
2507,BENJAMIN CARRION,ZAMORA CHINCHIPE,CHINCHIPE,SAN ANDRES,42,4
2509,SEGUNDO ZAQUINAULA GARCÍA,ZAMORA CHINCHIPE,CHINCHIPE,SAN ANDRES,28,3
2511,YAGUACHI,ZAMORA CHINCHIPE,CHINCHIPE,ZUMBA,16,2
2521,SEGUNDO TEODORO PAVON ROMERO,ZAMORA CHINCHIPE,CHINCHIPE,ZUMBA,49,5
2532,SOLDADO BYRON JIMENEZ,ZAMORA CHINCHIPE,CHINCHIPE,ZUMBA,30,4
2535,UNIDAD EDUC EXPERIMENTAL A DISTANCIA ZAMORA CH EXT GUARIMIZAL,ZAMORA CHINCHIPE,CHINCHIPE,ZUMBA,45,6
2536,CENTRO   ARTESANAL ZUMBA,ZAMORA CHINCHIPE,CHINCHIPE,ZUMBA,36,5
2549,ESCUELA  ECUADOR AMAZONICO,ZAMORA CHINCHIPE,CHINCHIPE,CHITO,28,2
2556,REINO DE QUITO,ZAMORA CHINCHIPE,CHINCHIPE,CHITO,19,2
2561,EUGENIO ESPEJO,ZAMORA CHINCHIPE,EL PANGUI,PACHICUTZA,25,2
2566,SAANT,ZAMORA CHINCHIPE,EL PANGUI,PACHICUTZA,35,3
2569,CENTRO DE FORMACION ARTESANAL CACHA,ZAMORA CHINCHIPE,EL PANGUI,EL PANGUI,34,3
2576,PRINCESA TOA,ZAMORA CHINCHIPE,EL PANGUI,PACHICUTZA,17,2
2579,CARMEN VALDIVIEZO,ZAMORA CHINCHIPE,EL PANGUI,EL PANGUI,38,2
2580,JUDITH TAPIA,ZAMORA CHINCHIPE,EL PANGUI,EL PANGUI,15,3
2582,5 DE JUNIO,ZAMORA CHINCHIPE,EL PANGUI,EL PANGUI,47,3
2598,CALICUCHIMA (PRIMARIO),ZAMORA CHINCHIPE,EL PANGUI,EL GUISME,21,2
2599,UNIDAD EDUC EXPERIMENTAL A DISTANCIA ZAMORA CH EXT GUISMI,ZAMORA CHINCHIPE,EL PANGUI,EL GUISME,47,3
2601,JUAN BENIGNO VELA,ZAMORA CHINCHIPE,EL PANGUI,EL GUISME,43,3
2605,UNIDAD EDUC EXPERIMENTAL A DISTANCIA ZAMORA CH EXT TUNDAYME,ZAMORA CHINCHIPE,EL PANGUI,TUNDAYME,43,7
2614,CENTRO ARTESANAL GUAYZIMI,ZAMORA CHINCHIPE,NANGARITZA,GUAYZIMI,25,4
2621,ISABEL WAMPASH,ZAMORA CHINCHIPE,NANGARITZA,GUAYZIMI,45,3
2629,JOSÉ SHARUP,ZAMORA CHINCHIPE,NANGARITZA,ZURMI,26,2
2631,UNIDAD EDUCATIVA EXPERIMIENTAL A DISTANCIA ZAMORA CH EXT ZURMI,ZAMORA CHINCHIPE,NANGARITZA,ZURMI,48,4
2637,YAWINTS,ZAMORA CHINCHIPE,NANGARITZA,ZURMI,38,2
2643,TIWIRAM,ZAMORA CHINCHIPE,NANGARITZA,NUEVO PARAISO,35,3
2644,ARUTAM,ZAMORA CHINCHIPE,NANGARITZA,NUEVO PARAISO,24,2
2646,MANUEL CAIZA UNTUÑA,ZAMORA CHINCHIPE,NANGARITZA,NUEVO PARAISO,37,3
2651,ALBERTO SAETAMA MASACHE,ZAMORA CHINCHIPE,PALANDA,PALANDA,45,5
2655,UNIDAD EDUC EXPERIMENTAL A DISTANCIA ZAMORA CH EXT PUCARON,ZAMORA CHINCHIPE,PALANDA,PALANDA,39,3
2656,CENTRO ARTESANAL PALANDA,ZAMORA CHINCHIPE,PALANDA,PALANDA,18,4
2657,CIUDAD DE RIOBAMBA,ZAMORA CHINCHIPE,PALANDA,PALANDA,33,3
2659,SAN AGUSTIN,ZAMORA CHINCHIPE,PALANDA,PALANDA,22,2
2660,OSWALDO GUAYASAMIN,ZAMORA CHINCHIPE,PALANDA,PALANDA,15,2
2661,ABDON CALDERON,ZAMORA CHINCHIPE,PALANDA,PALANDA,15,2
2663,UNIDAD EDUC EXPERIMENTAL A DISTANCIA ZAMORA CH EXT FATIMA,ZAMORA CHINCHIPE,PALANDA,PALANDA,34,3
2666,PROVINCIA DE PASTAZA,ZAMORA CHINCHIPE,PALANDA,PALANDA,20,2
2668,CENTRO ARTESANAL VALLADOLID,ZAMORA CHINCHIPE,PALANDA,VALLADOLID,10,3
2669,GONZALO PIZARRO,ZAMORA CHINCHIPE,PALANDA,VALLADOLID,20,2
2671,CIUDAD DE LOYOLA,ZAMORA CHINCHIPE,PALANDA,VALLADOLID,37,4
2674,OSCAR EFREN REYES,ZAMORA CHINCHIPE,PALANDA,EL PORVENIR DEL CARMEN,25,2
2677,UNIDAD EDUC EXPERIMENTAL A DISTANCIA ZAMORA CH EXT NUMBALA BAJO,ZAMORA CHINCHIPE,PALANDA,EL PORVENIR DEL CARMEN,14,2
2678,UNIDAD ED EXPERIM A DISTANCIA ZAMORA CH EXTSAN JUAN DE PUNCHIS,ZAMORA CHINCHIPE,PALANDA,SAN FRANCISCO DE VERGEL,50,4
2684,EDGAR JIJON,ZAMORA CHINCHIPE,PALANDA,EL PORVENIR DEL CARMEN,23,2
2688,ANGEL POLIBIO CHAVEZ,ZAMORA CHINCHIPE,PALANDA,EL PORVENIR DEL CARMEN,33,3
2689,MADRE TERESA DE CALCUTA,ZAMORA CHINCHIPE,PALANDA,SAN FRANCISCO DE VERGEL,22,2
2694,MARCO AGILA,ZAMORA CHINCHIPE,PALANDA,SAN FRANCISCO DE VERGEL,26,2
2701,UNIDAD EDUC EXPERIMENTAL A DISTANCIA ZAMORA CH EXT BELLAVISTA,ZAMORA CHINCHIPE,PAQUISHA,BELLAVISTA,26,5
2707,ANTONIO CHUMAPI,ZAMORA CHINCHIPE,PAQUISHA,BELLAVISTA,41,3
2709,CIUDAD DE SARAGURO,ZAMORA CHINCHIPE,PAQUISHA,NUEVO QUITO,42,2
2710,JOAQUIN GALLEGOS LARA,ZAMORA CHINCHIPE,PAQUISHA,NUEVO QUITO,26,2
2713,HEROES DEL CENEPA,ZAMORA CHINCHIPE,PAQUISHA,NUEVO QUITO,40,2
2715,ABDON CALDERON MUÑOZ,ZAMORA CHINCHIPE,PAQUISHA,NUEVO QUITO,43,2
2729,ENRIQUE GIL GILBERTH,ZAMORA CHINCHIPE,YACUAMBI,28 DE MAYO (SAN JOSE DE YACUAMBI),31,2
2733,ERNESTO GUEVARA,ZAMORA CHINCHIPE,YACUAMBI,28 DE MAYO (SAN JOSE DE YACUAMBI),31,2
2735,FRAY ENRIQUE VACAS GALINDO,ZAMORA CHINCHIPE,YACUAMBI,28 DE MAYO (SAN JOSE DE YACUAMBI),43,3
2736,GENERAL  QUIZQUIZ,ZAMORA CHINCHIPE,YACUAMBI,28 DE MAYO (SAN JOSE DE YACUAMBI),20,2
2737,JOSÉ MARIA URBINA,ZAMORA CHINCHIPE,YACUAMBI,28 DE MAYO (SAN JOSE DE YACUAMBI),30,2
2738,INKA SAMANA,ZAMORA CHINCHIPE,YACUAMBI,28 DE MAYO (SAN JOSE DE YACUAMBI),15,2
2749,SEBASTIAN DE BENALCAZAR,ZAMORA CHINCHIPE,YACUAMBI,28 DE MAYO (SAN JOSE DE YACUAMBI),38,3
2757,TUPAC AMARU,ZAMORA CHINCHIPE,YACUAMBI,LA PAZ,30,2
2760,HERMANA ESPERANZA SARANGO,ZAMORA CHINCHIPE,YACUAMBI,LA PAZ,22,2
2761,CIUDAD DE IBARRA,ZAMORA CHINCHIPE,YACUAMBI,LA PAZ,50,3
2763,ESCUELA DANIEL MARTINEZ,ZAMORA CHINCHIPE,YACUAMBI,LA PAZ,29,3
2764,JOSE MANUEL ARMIJOS PINEDA,ZAMORA CHINCHIPE,YACUAMBI,LA PAZ,37,3
2772,YAKUCHINKARIK,ZAMORA CHINCHIPE,YACUAMBI,TUTUPALI,36,3
2774,UNIDAD EDUC EXPERIMENTAL A DISTANCIA ZAMORA CH EXTEN TUTUPALI,ZAMORA CHINCHIPE,YACUAMBI,TUTUPALI,35,4
2776,JAIME ROLDOS AGUILERA,ZAMORA CHINCHIPE,YACUAMBI,28 DE MAYO (SAN JOSE DE YACUAMBI),41,2
2779,UNIDAD EDU  A DISTANCIA ZAMORA CH EXT EL ZARZA,ZAMORA CHINCHIPE,YANTZAZA,YANTZAZA (YANZATZA),38,5
2789,ESCUELA LEOPOLDO LUCERO,ZAMORA CHINCHIPE,YANTZAZA,YANTZAZA (YANZATZA),24,2
2794,SOLDADO  RAFAEL  PULLAGUARI,ZAMORA CHINCHIPE,YANTZAZA,YANTZAZA (YANZATZA),50,3
2796,ESCUELA DR PEDRO MONCAYO,ZAMORA CHINCHIPE,YANTZAZA,YANTZAZA (YANZATZA),31,2
2804,ESCUELA ESPECIAL MATILDE GUZMAN,ZAMORA CHINCHIPE,YANTZAZA,YANTZAZA (YANZATZA),33,5
2806,HOMERO VITERI LAFONTE (PRIMARIO),ZAMORA CHINCHIPE,YANTZAZA,YANTZAZA (YANZATZA),17,2
2813,ANDRES ANTUASH,ZAMORA CHINCHIPE,YANTZAZA,CHICAÑA,20,2
2814,TERESA DE CEPEDA Y FUERTES,ZAMORA CHINCHIPE,YANTZAZA,CHICAÑA,26,2
2820,ESCUELA GABRIEL GARCIA MORENO,ZAMORA CHINCHIPE,YANTZAZA,CHICAÑA,49,4
2825,ESCUELA PEDRO VICTOR FALCONI,ZAMORA CHINCHIPE,YANTZAZA,CHICAÑA,40,2
2836,CLEMENTE YEROVI INDABURO,ZAMORA CHINCHIPE,YANTZAZA,LOS ENCUENTROS,28,2
2838,QUISQUIS,ZAMORA CHINCHIPE,YANTZAZA,LOS ENCUENTROS,29,2
2840,6 DE OCTUBRE,ZAMORA CHINCHIPE,YANTZAZA,LOS ENCUENTROS,45,4
2841,ESCUELA PADRE ISASSI,ZAMORA CHINCHIPE,YANTZAZA,LOS ENCUENTROS,44,3
2843,ESCUELA BELISARIO QUEVEDO,ZAMORA CHINCHIPE,YANTZAZA,LOS ENCUENTROS,19,2
2844,ESCUELA GONZALO ABAD,ZAMORA CHINCHIPE,YANTZAZA,LOS ENCUENTROS,42,3
2849,CENTRO ENSEÑANZA INGLES   ALL  UP  TO  YOU,ZAMORA CHINCHIPE,YANTZAZA,YANTZAZA (YANZATZA),0,3
2851,YAMA TSAWANT,ZAMORA CHINCHIPE,YANTZAZA,YANTZAZA (YANZATZA),17,2
2852,FINE TUNED ZAMORA,ZAMORA CHINCHIPE,ZAMORA,ZAMORA,0,3
2857,MONSEÑOR LEONIDAS PROAÑO,ZAMORA CHINCHIPE,ZAMORA,TIMBARA,22,2
2859,MANUEL CORDOVA GALARZA,ZAMORA CHINCHIPE,ZAMORA,ZAMORA,10,3
2863,UNIDAD EDUCATIVA EXPERIMENTAL ADISTANCIA DE ZAMORA CH EXT LA PITUCA,ZAMORA CHINCHIPE,ZAMORA,ZAMORA,42,4
2867,ANDRES FRANCISCO CORDOVA,ZAMORA CHINCHIPE,ZAMORA,ZAMORA,31,6
2868,CENTRO ARTESANAL  JULIUS DOPFNER,ZAMORA CHINCHIPE,ZAMORA,ZAMORA,30,5
2874,CONSERVATORIO SUPERIOR NACIONAL DE MUSICA MARCOS ANTONIO OCHOA MUÑOZ,ZAMORA CHINCHIPE,ZAMORA,ZAMORA,0,6
2875,FLORA PEÑA DE ARIAS,ZAMORA CHINCHIPE,ZAMORA,ZAMORA,28,3
2879,LUIS FELIPE BORJA NRO 8,ZAMORA CHINCHIPE,ZAMORA,SABANILLA,50,5
2880,ROSITA PAREDES JUMBOS,ZAMORA CHINCHIPE,ZAMORA,SABANILLA,31,2
2883,ALONSO DE MERCADILLO,ZAMORA CHINCHIPE,ZAMORA,EL LIMON,25,3
2891,LUIS ALBERTO VALENCIA,ZAMORA CHINCHIPE,ZAMORA,IMBANA (LA VICTORIA DE IMBANA),38,4
2893,JUAN DE VERGARA,ZAMORA CHINCHIPE,ZAMORA,IMBANA (LA VICTORIA DE IMBANA),29,3
2903,LUIS VARGAS TORRES,ZAMORA CHINCHIPE,ZAMORA,GUADALUPE,43,3
2907,CARLOS GARBAY,ZAMORA CHINCHIPE,ZAMORA,GUADALUPE,32,3
2910,JOSE MARTI,ZAMORA CHINCHIPE,ZAMORA,GUADALUPE,31,2
2911,ODILO AGUILAR,ZAMORA CHINCHIPE,ZAMORA,GUADALUPE,40,3
2912,LORENZO DE CEPEDA,ZAMORA CHINCHIPE,ZAMORA,GUADALUPE,23,3
2914,INTI PAKARI,ZAMORA CHINCHIPE,ZAMORA,GUADALUPE,33,2
2917,UNIDAD  EDUC EXPERIMENTAL  A DISTANCIA  ZAMORA EXT CHAMICO,ZAMORA CHINCHIPE,ZAMORA,CUMBARATZA,41,6
2924,13 DE ABRIL,ZAMORA CHINCHIPE,ZAMORA,CUMBARATZA,9,2
2935,CLODOVEO JIMENEZ CARPIO,ZAMORA CHINCHIPE,ZAMORA,TIMBARA,21,3
